"Flag Holiday",avg_consumption,avg_co2
1,46371.847463768114,31.691847826086956
0,54349.67778078974,48.16131291226168
