Weekday,avg_consumption
2,56493.64990024555
3,56349.172805402086
1,56306.881510416664
4,55713.45192602824
0,54900.18673406863
5,50698.058126151016
6,48303.26466758578
